Country,Economic Effectiveness,Economic Legitimacy,Effectiveness Score,Legitimacy Score,Political Effectiveness,Political Legitimacy,Security Effectiveness,Security Legitimacy,Social Effectiveness,Social Legitimacy,State Fragility Index,Year
Afghanistan,4,3,13,12,3,3,3,3,3,3,25,1995
Afghanistan,4,3,12,12,2,3,3,3,3,3,24,1996
Afghanistan,4,3,12,12,2,3,3,3,3,3,24,1997
Afghanistan,4,3,12,12,2,3,3,3,3,3,24,1998
Afghanistan,4,3,12,12,2,3,3,3,3,3,24,1999
Afghanistan,4,3,12,12,2,3,3,3,3,3,24,2000
Afghanistan,4,3,12,12,2,3,3,3,3,3,24,2001
Afghanistan,4,3,12,10,2,1,3,3,3,3,22,2002
Afghanistan,4,3,12,10,2,1,3,3,3,3,22,2003
Afghanistan,4,3,12,10,2,1,3,3,3,3,22,2004
Afghanistan,4,3,12,10,2,1,3,3,3,3,22,2005
Afghanistan,4,3,12,9,2,0,3,3,3,3,21,2006
Afghanistan,4,3,12,10,2,1,3,3,3,3,22,2007
Afghanistan,4,3,12,10,2,1,3,3,3,3,22,2008
Afghanistan,4,3,12,10,2,1,3,3,3,3,22,2009
Afghanistan,4,3,12,10,2,1,3,3,3,3,22,2010
Afghanistan,4,3,12,10,2,1,3,3,3,3,22,2011
Afghanistan,4,3,12,10,2,1,3,3,3,3,22,2012
Afghanistan,4,3,11,10,2,1,3,3,2,3,21,2013
Afghanistan,4,3,11,10,2,1,3,3,2,3,21,2014
Albania,2,0,4,4,1,1,0,1,1,2,8,1995
Albania,2,0,4,4,1,1,0,1,1,2,8,1996
Albania,2,0,5,4,1,0,1,2,1,2,9,1997
Albania,2,0,6,2,2,0,1,1,1,1,8,1998
Albania,2,0,5,2,2,0,0,1,1,1,7,1999
Albania,2,0,5,2,2,0,0,1,1,1,7,2000
Albania,2,0,5,2,2,0,0,1,1,1,7,2001
Albania,2,0,6,1,2,0,1,1,1,0,7,2002
Albania,2,0,5,2,2,0,0,1,1,1,7,2003
Albania,2,0,5,2,2,0,0,1,1,1,7,2004
Albania,2,0,4,1,2,0,0,1,0,0,5,2005
Albania,2,0,4,1,2,0,0,1,0,0,5,2006
Albania,2,0,3,1,1,0,0,1,0,0,4,2007
Albania,1,0,2,1,1,0,0,1,0,0,3,2008
Albania,1,0,2,1,1,0,0,1,0,0,3,2009
Albania,1,0,2,1,1,0,0,1,0,0,3,2010
Albania,1,0,2,1,1,0,0,1,0,0,3,2011
Albania,1,0,2,0,1,0,0,0,0,0,2,2012
Albania,1,1,2,1,1,0,0,0,0,0,3,2013
Albania,1,1,1,1,0,0,0,0,0,0,2,2014
Algeria,2,3,8,10,2,3,2,3,2,1,18,1995
Algeria,2,3,8,10,2,3,2,3,2,1,18,1996
Algeria,2,3,8,10,2,3,2,3,2,1,18,1997
Algeria,2,3,8,10,2,3,2,3,2,1,18,1998
Algeria,2,3,8,10,2,3,2,3,2,1,18,1999
Algeria,2,3,8,10,2,3,2,3,2,1,18,2000
Algeria,2,3,8,10,2,3,2,3,2,1,18,2001
Algeria,2,3,7,10,2,3,2,3,1,1,17,2002
Algeria,2,3,7,10,2,3,2,3,1,1,17,2003
Algeria,2,3,7,10,2,3,2,3,1,1,17,2004
Algeria,1,3,6,10,2,3,2,3,1,1,16,2005
Algeria,1,3,6,10,2,3,2,3,1,1,16,2006
Algeria,1,3,5,10,1,3,2,3,1,1,15,2007
Algeria,1,3,5,9,1,3,2,2,1,1,14,2008
Algeria,1,3,4,9,1,3,2,2,0,1,13,2009
Algeria,1,3,4,9,1,3,2,2,0,1,13,2010
Algeria,1,3,4,9,1,3,2,2,0,1,13,2011
Algeria,1,3,5,9,2,3,2,2,0,1,14,2012
Algeria,1,3,5,9,2,3,2,2,0,1,14,2013
Algeria,1,3,4,8,1,3,2,1,0,1,12,2014
Angola,3,3,11,12,2,3,3,3,3,3,23,1995
Angola,3,3,11,12,2,3,3,3,3,3,23,1996
Angola,3,2,11,11,2,3,3,3,3,3,22,1997
Angola,2,2,10,11,2,3,3,3,3,3,21,1998
Angola,2,2,10,11,2,3,3,3,3,3,21,1999
Angola,2,3,10,12,2,3,3,3,3,3,22,2000
Angola,2,3,10,12,2,3,3,3,3,3,22,2001
Angola,2,3,10,10,2,2,3,2,3,3,20,2002
Angola,2,3,10,10,2,1,3,3,3,3,20,2003
Angola,2,3,10,10,2,1,3,3,3,3,20,2004
Angola,2,3,10,9,2,1,3,2,3,3,19,2005
Angola,2,3,10,9,2,1,3,2,3,3,19,2006
Angola,2,3,8,9,1,1,3,2,2,3,17,2007
Angola,2,3,8,9,1,1,3,2,2,3,17,2008
Angola,2,3,8,9,1,1,3,2,2,3,17,2009
Angola,2,3,7,9,1,1,2,2,2,3,16,2010
Angola,2,3,7,9,1,1,2,2,2,3,16,2011
Angola,2,3,7,9,1,1,2,2,2,3,16,2012
Angola,2,3,7,9,1,1,2,2,2,3,16,2013
Angola,2,3,7,9,1,1,2,2,2,3,16,2014
Argentina,1,1,2,3,1,0,0,1,0,1,5,1995
Argentina,1,1,2,3,1,0,0,1,0,1,5,1996
Argentina,1,1,2,3,1,0,0,1,0,1,5,1997
Argentina,1,1,2,2,1,0,0,1,0,0,4,1998
Argentina,1,1,2,2,1,0,0,1,0,0,4,1999
Argentina,1,1,2,2,1,0,0,1,0,0,4,2000
Argentina,1,1,2,2,1,0,0,1,0,0,4,2001
Argentina,1,1,2,2,1,0,0,1,0,0,4,2002
Argentina,1,1,2,2,1,0,0,1,0,0,4,2003
Argentina,1,1,2,2,1,0,0,1,0,0,4,2004
Argentina,1,1,1,1,0,0,0,0,0,0,2,2005
Argentina,1,1,1,1,0,0,0,0,0,0,2,2006
Argentina,1,1,1,1,0,0,0,0,0,0,2,2007
Argentina,1,1,1,1,0,0,0,0,0,0,2,2008
Argentina,1,1,1,1,0,0,0,0,0,0,2,2009
Argentina,1,1,1,1,0,0,0,0,0,0,2,2010
Argentina,1,1,1,2,0,0,0,1,0,0,3,2011
Argentina,1,1,1,1,0,0,0,0,0,0,2,2012
Argentina,0,1,0,1,0,0,0,0,0,0,1,2013
Argentina,0,1,0,1,0,0,0,0,0,0,1,2014
Armenia,3,0,7,1,2,1,1,0,1,0,8,1995
Armenia,3,0,7,0,2,0,1,0,1,0,7,1996
Armenia,3,0,7,1,2,0,1,1,1,0,8,1997
Armenia,3,0,7,1,2,0,1,1,1,0,8,1998
Armenia,3,0,7,1,2,0,1,1,1,0,8,1999
Armenia,3,0,7,1,2,0,1,1,1,0,8,2000
Armenia,3,0,7,2,2,0,1,1,1,1,9,2001
Armenia,3,0,6,1,2,0,0,1,1,0,7,2002
Armenia,2,0,5,2,2,1,0,1,1,0,7,2003
Armenia,2,0,5,2,2,1,0,1,1,0,7,2004
Armenia,2,0,5,2,2,1,0,1,1,0,7,2005
Armenia,2,0,4,3,2,1,0,1,0,1,7,2006
Armenia,2,0,4,2,2,0,0,1,0,1,6,2007
Armenia,2,0,3,3,1,1,0,1,0,1,6,2008
Armenia,2,1,3,4,1,1,0,1,0,1,7,2009
Armenia,2,2,3,4,1,1,0,1,0,0,7,2010
Armenia,2,2,3,4,1,1,0,1,0,0,7,2011
Armenia,2,2,3,4,1,1,0,1,0,0,7,2012
Armenia,2,2,3,4,1,1,0,1,0,0,7,2013
Armenia,2,2,3,4,1,1,0,1,0,0,7,2014
Australia,0,2,0,2,0,0,0,0,0,0,2,1995
Australia,0,2,0,2,0,0,0,0,0,0,2,1996
Australia,0,2,0,2,0,0,0,0,0,0,2,1997
Australia,0,2,0,2,0,0,0,0,0,0,2,1998
Australia,0,2,0,2,0,0,0,0,0,0,2,1999
Australia,0,2,0,2,0,0,0,0,0,0,2,2000
Australia,0,1,0,1,0,0,0,0,0,0,1,2001
Australia,0,1,0,1,0,0,0,0,0,0,1,2002
Australia,0,1,0,1,0,0,0,0,0,0,1,2003
Australia,0,2,0,2,0,0,0,0,0,0,2,2004
Australia,0,2,0,2,0,0,0,0,0,0,2,2005
Australia,0,2,0,2,0,0,0,0,0,0,2,2006
Australia,0,2,0,2,0,0,0,0,0,0,2,2007
Australia,0,2,0,2,0,0,0,0,0,0,2,2008
Australia,0,2,0,2,0,0,0,0,0,0,2,2009
Australia,0,2,0,2,0,0,0,0,0,0,2,2010
Australia,0,2,0,2,0,0,0,0,0,0,2,2011
Australia,0,2,0,2,0,0,0,0,0,0,2,2012
Australia,0,2,0,2,0,0,0,0,0,0,2,2013
Australia,0,2,0,2,0,0,0,0,0,0,2,2014
Austria,0,0,0,0,0,0,0,0,0,0,0,1995
Austria,0,0,0,0,0,0,0,0,0,0,0,1996
Austria,0,0,0,0,0,0,0,0,0,0,0,1997
Austria,0,0,0,0,0,0,0,0,0,0,0,1998
Austria,0,0,0,0,0,0,0,0,0,0,0,1999
Austria,0,0,0,0,0,0,0,0,0,0,0,2000
Austria,0,0,0,0,0,0,0,0,0,0,0,2001
Austria,0,0,0,0,0,0,0,0,0,0,0,2002
Austria,0,0,0,0,0,0,0,0,0,0,0,2003
Austria,0,0,0,0,0,0,0,0,0,0,0,2004
Austria,0,0,0,0,0,0,0,0,0,0,0,2005
Austria,0,0,0,0,0,0,0,0,0,0,0,2006
Austria,0,0,0,0,0,0,0,0,0,0,0,2007
Austria,0,0,0,0,0,0,0,0,0,0,0,2008
Austria,0,0,0,0,0,0,0,0,0,0,0,2009
Austria,0,0,0,0,0,0,0,0,0,0,0,2010
Austria,0,0,0,0,0,0,0,0,0,0,0,2011
Austria,0,0,0,0,0,0,0,0,0,0,0,2012
Austria,0,0,0,0,0,0,0,0,0,0,0,2013
Austria,0,0,0,0,0,0,0,0,0,0,0,2014
Azerbaijan,3,2,10,9,3,2,2,2,2,3,19,1995
Azerbaijan,3,2,10,8,3,2,2,1,2,3,18,1996
Azerbaijan,3,2,10,8,3,2,2,1,2,3,18,1997
Azerbaijan,3,2,10,8,3,2,2,1,2,3,18,1998
Azerbaijan,3,3,10,8,3,2,2,1,2,2,18,1999
Azerbaijan,3,3,9,7,3,2,2,1,1,1,16,2000
Azerbaijan,3,3,9,7,3,2,2,1,1,1,16,2001
Azerbaijan,3,3,9,8,3,2,2,1,1,2,17,2002
Azerbaijan,3,3,9,8,3,2,2,1,1,2,17,2003
Azerbaijan,2,2,8,7,3,2,2,1,1,2,15,2004
Azerbaijan,2,3,7,8,2,2,2,1,1,2,15,2005
Azerbaijan,2,3,7,7,2,1,2,1,1,2,14,2006
Azerbaijan,2,3,7,8,2,2,2,1,1,2,15,2007
Azerbaijan,2,3,6,8,2,2,1,1,1,2,14,2008
Azerbaijan,1,3,5,8,2,2,1,1,1,2,13,2009
Azerbaijan,1,3,4,7,2,2,1,1,0,1,11,2010
Azerbaijan,1,3,4,7,2,2,1,1,0,1,11,2011
Azerbaijan,1,3,3,7,2,2,0,1,0,1,10,2012
Azerbaijan,1,3,3,7,2,2,0,1,0,1,10,2013
Azerbaijan,1,3,3,7,2,2,0,1,0,1,10,2014
Bahrain,0,2,2,6,2,2,0,1,0,1,8,1995
Bahrain,0,2,1,6,1,2,0,1,0,1,7,1996
Bahrain,0,2,1,6,1,2,0,1,0,1,7,1997
Bahrain,0,2,1,6,1,2,0,1,0,1,7,1998
Bahrain,0,2,0,6,0,2,0,1,0,1,6,1999
Bahrain,0,3,0,7,0,2,0,1,0,1,7,2000
Bahrain,0,2,0,4,0,1,0,1,0,0,4,2001
Bahrain,0,2,0,4,0,1,0,1,0,0,4,2002
Bahrain,0,2,0,3,0,1,0,0,0,0,3,2003
Bahrain,0,3,0,4,0,1,0,0,0,0,4,2004
Bahrain,0,3,0,4,0,1,0,0,0,0,4,2005
Bahrain,0,3,0,4,0,1,0,0,0,0,4,2006
Bahrain,0,3,0,4,0,1,0,0,0,0,4,2007
Bahrain,0,3,0,4,0,1,0,0,0,0,4,2008
Bahrain,0,3,0,4,0,1,0,0,0,0,4,2009
Bahrain,0,3,1,4,1,1,0,0,0,0,5,2010
Bahrain,0,3,2,6,2,2,0,1,0,0,8,2011
Bahrain,0,3,3,6,3,2,0,1,0,0,9,2012
Bahrain,0,3,3,6,3,2,0,1,0,0,9,2013
Bahrain,0,3,3,6,3,2,0,1,0,0,9,2014
Belgium,0,0,0,0,0,0,0,0,0,0,0,1995
Belgium,0,0,0,0,0,0,0,0,0,0,0,1996
Belgium,0,0,0,0,0,0,0,0,0,0,0,1997
Belgium,0,0,0,0,0,0,0,0,0,0,0,1998
Belgium,0,0,0,0,0,0,0,0,0,0,0,1999
Belgium,0,0,0,0,0,0,0,0,0,0,0,2000
Belgium,0,0,0,0,0,0,0,0,0,0,0,2001
Belgium,0,0,0,0,0,0,0,0,0,0,0,2002
Belgium,0,0,0,0,0,0,0,0,0,0,0,2003
Belgium,0,0,0,0,0,0,0,0,0,0,0,2004
Belgium,0,0,0,0,0,0,0,0,0,0,0,2005
Belgium,0,0,0,0,0,0,0,0,0,0,0,2006
Belgium,0,0,0,1,0,1,0,0,0,0,1,2007
Belgium,0,0,0,2,0,2,0,0,0,0,2,2008
Belgium,0,0,0,2,0,2,0,0,0,0,2,2009
Belgium,0,0,0,2,0,2,0,0,0,0,2,2010
Belgium,0,0,0,2,0,2,0,0,0,0,2,2011
Belgium,0,0,0,2,0,2,0,0,0,0,2,2012
Belgium,0,0,0,2,0,2,0,0,0,0,2,2013
Belgium,0,0,0,2,0,2,0,0,0,0,2,2014
Benin,4,3,10,7,3,1,0,0,3,3,17,1995
Benin,4,3,10,7,3,1,0,0,3,3,17,1996
Benin,4,3,10,7,3,1,0,0,3,3,17,1997
Benin,4,3,10,7,3,1,0,0,3,3,17,1998
Benin,3,3,9,7,3,1,0,0,3,3,16,1999
Benin,3,3,9,7,3,1,0,0,3,3,16,2000
Benin,3,3,9,7,3,1,0,0,3,3,16,2001
Benin,3,3,9,7,3,1,0,0,3,3,16,2002
Benin,3,3,8,7,2,1,0,0,3,3,15,2003
Benin,3,3,8,7,2,1,0,0,3,3,15,2004
Benin,3,3,7,8,2,1,0,1,2,3,15,2005
Benin,3,3,6,6,1,0,0,1,2,2,12,2006
Benin,3,2,6,4,1,0,0,0,2,2,10,2007
Benin,3,2,6,5,1,0,0,1,2,2,11,2008
Benin,3,2,6,5,1,0,0,1,2,2,11,2009
Benin,3,2,5,5,0,0,0,1,2,2,10,2010
Benin,3,2,5,5,0,0,0,1,2,2,10,2011
Benin,3,2,5,4,0,0,0,0,2,2,9,2012
Benin,3,2,6,4,1,0,0,0,2,2,10,2013
Benin,3,2,6,4,1,0,0,0,2,2,10,2014
Burkina Faso,4,3,9,7,2,0,0,1,3,3,16,1995
Burkina Faso,4,3,9,7,2,0,0,1,3,3,16,1996
Burkina Faso,4,2,8,6,1,0,0,1,3,3,14,1997
Burkina Faso,4,2,8,6,1,0,0,1,3,3,14,1998
Burkina Faso,4,2,8,6,1,0,0,1,3,3,14,1999
Burkina Faso,4,2,9,6,2,0,0,1,3,3,15,2000
Burkina Faso,4,2,10,7,3,0,0,2,3,3,17,2001
Burkina Faso,4,2,9,6,2,0,0,1,3,3,15,2002
Burkina Faso,4,3,10,7,3,0,0,1,3,3,17,2003
Burkina Faso,4,3,10,6,3,0,0,0,3,3,16,2004
Burkina Faso,4,3,10,7,3,0,0,1,3,3,17,2005
Burkina Faso,4,3,10,7,3,0,0,1,3,3,17,2006
Burkina Faso,4,3,10,7,3,0,0,1,3,3,17,2007
Burkina Faso,4,3,10,7,3,0,0,1,3,3,17,2008
Burkina Faso,4,3,10,7,3,0,0,1,3,3,17,2009
Burkina Faso,4,3,10,7,3,0,0,1,3,3,17,2010
Burkina Faso,4,3,9,7,2,0,0,1,3,3,16,2011
Burkina Faso,4,3,9,7,2,0,0,1,3,3,16,2012
Burkina Faso,3,3,8,7,2,0,0,1,3,3,15,2013
Burkina Faso,3,3,7,7,1,0,0,1,3,3,14,2014
Bhutan,3,1,8,9,1,3,1,2,3,3,17,1995
Bhutan,3,1,8,7,1,3,1,0,3,3,15,1996
Bhutan,3,1,8,8,1,3,1,1,3,3,16,1997
Bhutan,3,0,7,6,1,3,0,0,3,3,13,1998
Bhutan,3,1,7,7,1,3,0,0,3,3,14,1999
Bhutan,3,1,7,7,1,3,0,0,3,3,14,2000
Bhutan,3,1,6,7,1,3,0,0,2,3,13,2001
Bhutan,3,1,6,7,1,3,0,0,2,3,13,2002
Bhutan,3,1,6,7,1,3,0,0,2,3,13,2003
Bhutan,2,1,5,7,1,3,0,0,2,3,12,2004
Bhutan,2,1,6,7,2,3,0,0,2,3,13,2005
Bhutan,2,1,5,6,1,3,0,0,2,2,11,2006
Bhutan,2,1,5,6,1,3,0,0,2,2,11,2007
Bhutan,2,1,5,5,1,2,0,0,2,2,10,2008
Bhutan,2,0,5,5,1,2,0,1,2,2,10,2009
Bhutan,2,0,5,5,1,2,0,1,2,2,10,2010
Bhutan,2,0,5,3,1,2,0,0,2,1,8,2011
Bhutan,2,0,5,3,1,2,0,0,2,1,8,2012
Bhutan,2,0,5,3,1,2,0,0,2,1,8,2013
Bhutan,2,0,5,3,1,2,0,0,2,1,8,2014
Belarus,2,0,4,0,1,0,0,0,1,0,4,1995
Belarus,2,0,4,0,1,0,0,0,1,0,4,1996
Belarus,2,0,4,1,1,0,0,1,1,0,5,1997
Belarus,2,0,5,1,2,0,0,1,1,0,6,1998
Belarus,2,0,5,1,2,0,0,1,1,0,6,1999
Belarus,2,0,5,1,2,0,0,1,1,0,6,2000
Belarus,2,0,4,1,2,0,0,1,0,0,5,2001
Belarus,2,0,5,1,2,0,0,1,1,0,6,2002
Belarus,2,0,5,1,2,0,0,1,1,0,6,2003
Belarus,2,0,5,1,2,0,0,1,1,0,6,2004
Belarus,1,0,3,1,2,0,0,1,0,0,4,2005
Belarus,1,0,2,1,1,0,0,1,0,0,3,2006
Belarus,1,0,3,1,2,0,0,1,0,0,4,2007
Belarus,1,0,3,1,2,0,0,1,0,0,4,2008
Belarus,1,0,3,1,2,0,0,1,0,0,4,2009
Belarus,1,0,3,1,2,0,0,1,0,0,4,2010
Belarus,1,0,3,1,2,0,0,1,0,0,4,2011
Belarus,1,0,3,1,2,0,0,1,0,0,4,2012
Belarus,1,0,3,1,2,0,0,1,0,0,4,2013
Belarus,1,0,2,1,1,0,0,1,0,0,3,2014
Bangladesh,4,0,12,8,3,3,2,2,3,3,20,1995
Bangladesh,4,0,12,8,3,3,2,2,3,3,20,1996
Bangladesh,4,0,11,7,2,2,2,2,3,3,18,1997
Bangladesh,4,0,11,6,2,2,2,2,3,2,17,1998
Bangladesh,4,0,11,6,2,2,2,2,3,2,17,1999
Bangladesh,4,0,11,6,2,2,2,2,3,2,17,2000
Bangladesh,4,0,9,6,1,2,1,2,3,2,15,2001
Bangladesh,4,0,8,6,1,2,1,2,2,2,14,2002
Bangladesh,4,0,8,6,1,2,1,2,2,2,14,2003
Bangladesh,4,0,8,6,1,2,1,2,2,2,14,2004
Bangladesh,4,0,7,6,1,2,0,2,2,2,13,2005
Bangladesh,4,0,7,6,1,2,0,2,2,2,13,2006
Bangladesh,4,0,8,6,2,2,0,2,2,2,14,2007
Bangladesh,4,0,8,5,2,1,0,2,2,2,13,2008
Bangladesh,3,0,7,5,2,1,0,2,2,2,12,2009
Bangladesh,3,0,7,5,2,1,0,2,2,2,12,2010
Bangladesh,3,0,7,5,2,1,0,2,2,2,12,2011
Bangladesh,3,0,7,5,2,1,0,2,2,2,12,2012
Bangladesh,3,0,7,6,2,2,0,2,2,2,13,2013
Bangladesh,3,0,7,6,2,2,0,2,2,2,13,2014
Bolivia,3,2,7,6,2,1,0,1,2,2,13,1995
Bolivia,3,2,7,6,2,1,0,1,2,2,13,1996
Bolivia,3,2,7,6,2,1,0,1,2,2,13,1997
Bolivia,3,1,7,4,2,1,0,0,2,2,11,1998
Bolivia,3,1,6,5,1,1,0,1,2,2,11,1999
Bolivia,3,1,5,5,0,1,0,1,2,2,10,2000
Bolivia,3,2,5,6,0,1,0,1,2,2,11,2001
Bolivia,3,2,5,6,0,1,0,1,2,2,11,2002
Bolivia,3,2,5,7,0,2,0,1,2,2,12,2003
Bolivia,3,2,5,7,0,2,0,1,2,2,12,2004
Bolivia,3,2,6,7,1,2,0,1,2,2,13,2005
Bolivia,3,3,6,7,1,2,0,1,2,1,13,2006
Bolivia,3,3,5,7,1,2,0,1,1,1,12,2007
Bolivia,3,3,5,7,1,2,0,1,1,1,12,2008
Bolivia,3,3,5,7,1,2,0,1,1,1,12,2009
Bolivia,3,3,5,7,1,2,0,1,1,1,12,2010
Bolivia,2,3,4,7,1,2,0,1,1,1,11,2011
Bolivia,2,3,4,6,1,2,0,0,1,1,10,2012
Bolivia,2,3,4,6,1,2,0,0,1,1,10,2013
Bolivia,2,3,4,6,1,2,0,0,1,1,10,2014
Bosnia and Herzegovina,3,2,7,7,1,2,2,3,1,0,14,1995
Bosnia and Herzegovina,2,2,6,6,1,2,2,2,1,0,12,1996
Bosnia and Herzegovina,2,2,6,6,1,2,2,2,1,0,12,1997
Bosnia and Herzegovina,2,2,6,6,1,2,2,2,1,0,12,1998
Bosnia and Herzegovina,2,2,6,6,1,2,2,2,1,0,12,1999
Bosnia and Herzegovina,2,2,5,6,1,2,1,2,1,0,11,2000
Bosnia and Herzegovina,2,2,5,5,1,2,1,1,1,0,10,2001
Bosnia and Herzegovina,2,2,5,5,1,2,1,1,1,0,10,2002
Bosnia and Herzegovina,2,2,5,5,1,2,1,1,1,0,10,2003
Bosnia and Herzegovina,2,2,5,5,1,2,1,1,1,0,10,2004
Bosnia and Herzegovina,2,2,4,5,1,2,1,1,0,0,9,2005
Bosnia and Herzegovina,1,0,3,1,1,1,1,0,0,0,4,2006
Bosnia and Herzegovina,1,0,3,2,1,2,1,0,0,0,5,2007
Bosnia and Herzegovina,1,0,2,2,1,2,0,0,0,0,4,2008
Bosnia and Herzegovina,1,0,2,2,1,2,0,0,0,0,4,2009
Bosnia and Herzegovina,1,0,2,2,1,2,0,0,0,0,4,2010
Bosnia and Herzegovina,1,0,2,2,1,2,0,0,0,0,4,2011
Bosnia and Herzegovina,1,0,2,2,1,2,0,0,0,0,4,2012
Bosnia and Herzegovina,1,0,2,2,1,2,0,0,0,0,4,2013
Bosnia and Herzegovina,1,0,2,2,1,2,0,0,0,0,4,2014
Botswana,1,0,4,3,1,0,0,0,2,3,7,1995
Botswana,1,0,4,3,1,0,0,0,2,3,7,1996
Botswana,1,0,4,3,1,0,0,0,2,3,7,1997
Botswana,1,0,3,3,0,0,0,0,2,3,6,1998
Botswana,1,0,3,3,0,0,0,0,2,3,6,1999
Botswana,1,0,3,3,0,0,0,0,2,3,6,2000
Botswana,1,0,3,3,0,0,0,0,2,3,6,2001
Botswana,1,0,3,3,0,0,0,0,2,3,6,2002
Botswana,1,0,3,3,0,0,0,0,2,3,6,2003
Botswana,1,0,3,3,0,0,0,0,2,3,6,2004
Botswana,1,0,3,3,0,0,0,0,2,3,6,2005
Botswana,1,0,2,1,0,0,0,0,1,1,3,2006
Botswana,1,0,2,1,0,0,0,0,1,1,3,2007
Botswana,1,0,2,1,0,0,0,0,1,1,3,2008
Botswana,1,0,2,1,0,0,0,0,1,1,3,2009
Botswana,1,0,2,1,0,0,0,0,1,1,3,2010
Botswana,1,0,2,1,0,0,0,0,1,1,3,2011
Botswana,1,0,2,1,0,0,0,0,1,1,3,2012
Botswana,1,0,2,1,0,0,0,0,1,1,3,2013
Botswana,1,0,2,1,0,0,0,0,1,1,3,2014
Brazil,1,0,2,5,0,1,0,3,1,1,7,1995
Brazil,1,0,2,4,0,1,0,2,1,1,6,1996
Brazil,1,0,2,4,0,1,0,2,1,1,6,1997
Brazil,1,0,2,4,0,1,0,2,1,1,6,1998
Brazil,1,0,2,4,0,1,0,2,1,1,6,1999
Brazil,1,0,2,4,0,1,0,2,1,1,6,2000
Brazil,1,0,2,4,0,1,0,2,1,1,6,2001
Brazil,1,0,2,4,0,1,0,2,1,1,6,2002
Brazil,1,0,2,4,0,1,0,2,1,1,6,2003
Brazil,1,0,2,4,0,1,0,2,1,1,6,2004
Brazil,1,0,2,4,0,1,0,2,1,1,6,2005
Brazil,1,0,2,4,0,1,0,2,1,1,6,2006
Brazil,1,0,1,4,0,1,0,2,0,1,5,2007
Brazil,1,0,1,4,0,1,0,2,0,1,5,2008
Brazil,1,0,1,4,0,1,0,2,0,1,5,2009
Brazil,1,1,1,5,0,1,0,2,0,1,6,2010
Brazil,1,1,1,5,0,1,0,2,0,1,6,2011
Brazil,1,1,1,5,0,1,0,2,0,1,6,2012
Brazil,1,1,1,4,0,1,0,2,0,0,5,2013
Brazil,1,1,1,4,0,1,0,2,0,0,5,2014
Burundi,4,3,11,12,3,3,1,3,3,3,23,1995
Burundi,4,3,12,12,3,3,2,3,3,3,24,1996
Burundi,4,3,12,12,3,3,2,3,3,3,24,1997
Burundi,4,3,12,11,3,3,2,3,3,2,23,1998
Burundi,4,3,12,11,3,3,2,3,3,2,23,1999
Burundi,4,3,12,11,3,3,2,3,3,2,23,2000
Burundi,4,3,12,10,3,2,2,3,3,2,22,2001
Burundi,4,3,12,10,3,2,2,3,3,2,22,2002
Burundi,4,3,12,9,3,1,2,3,3,2,21,2003
Burundi,4,3,12,8,3,0,2,3,3,2,20,2004
Burundi,4,3,12,8,3,0,2,3,3,2,20,2005
Burundi,4,3,12,7,3,0,2,2,3,2,19,2006
Burundi,4,2,12,6,3,0,2,2,3,2,18,2007
Burundi,4,2,12,6,3,0,2,2,3,2,18,2008
Burundi,4,2,12,6,3,0,2,2,3,2,18,2009
Burundi,4,2,12,6,3,0,2,2,3,2,18,2010
Burundi,4,2,12,6,3,0,2,2,3,2,18,2011
Burundi,4,2,12,6,3,0,2,2,3,2,18,2012
Burundi,4,2,12,6,3,0,2,2,3,2,18,2013
Burundi,4,2,12,6,3,0,2,2,3,2,18,2014
Bulgaria,2,0,5,3,2,2,0,1,1,0,8,1995
Bulgaria,2,0,5,3,2,2,0,1,1,0,8,1996
Bulgaria,2,0,5,3,2,2,0,1,1,0,8,1997
Bulgaria,2,0,5,3,2,2,0,1,1,0,8,1998
Bulgaria,2,0,5,4,2,2,0,2,1,0,9,1999
Bulgaria,2,0,4,3,1,2,0,1,1,0,7,2000
Bulgaria,2,0,3,2,1,1,0,1,0,0,5,2001
Bulgaria,1,0,3,2,1,1,0,1,1,0,5,2002
Bulgaria,1,0,2,2,1,1,0,1,0,0,4,2003
Bulgaria,1,0,1,2,0,1,0,1,0,0,3,2004
Bulgaria,1,0,1,2,0,1,0,1,0,0,3,2005
Bulgaria,1,0,1,2,0,1,0,1,0,0,3,2006
Bulgaria,1,0,1,2,0,1,0,1,0,0,3,2007
Bulgaria,1,0,1,2,0,1,0,1,0,0,3,2008
Bulgaria,1,0,1,2,0,1,0,1,0,0,3,2009
Bulgaria,1,0,1,2,0,1,0,1,0,0,3,2010
Bulgaria,1,0,1,2,0,1,0,1,0,0,3,2011
Bulgaria,1,0,1,1,0,1,0,0,0,0,2,2012
Bulgaria,1,0,1,1,0,1,0,0,0,0,2,2013
Bulgaria,1,0,1,1,0,1,0,0,0,0,2,2014
Cambodia,4,0,12,5,3,1,3,2,2,2,17,1995
Cambodia,4,0,12,5,3,1,3,2,2,2,17,1996
Cambodia,4,0,12,4,3,0,3,2,2,2,16,1997
Cambodia,4,0,12,4,3,0,3,2,2,2,16,1998
Cambodia,4,0,12,4,3,0,3,1,2,3,16,1999
Cambodia,4,0,11,4,3,0,2,1,2,3,15,2000
Cambodia,4,0,11,4,3,0,2,1,2,3,15,2001
Cambodia,4,0,11,3,3,0,2,1,2,2,14,2002
Cambodia,4,0,11,4,3,0,2,1,2,3,15,2003
Cambodia,4,0,11,3,3,0,2,1,2,2,14,2004
Cambodia,4,0,11,3,3,0,2,1,2,2,14,2005
Cambodia,3,0,10,3,3,0,2,1,2,2,13,2006
Cambodia,3,0,10,4,3,0,2,2,2,2,14,2007
Cambodia,3,0,9,4,2,0,2,2,2,2,13,2008
Cambodia,3,0,8,4,2,0,1,2,2,2,12,2009
Cambodia,3,0,8,4,2,0,1,2,2,2,12,2010
Cambodia,3,0,7,3,2,0,0,1,2,2,10,2011
Cambodia,3,0,7,3,2,0,0,1,2,2,10,2012
Cambodia,3,0,7,4,2,1,0,1,2,2,11,2013
Cambodia,3,0,7,4,2,1,0,1,2,2,11,2014
Canada,0,0,0,0,0,0,0,0,0,0,0,1995
Canada,0,0,0,0,0,0,0,0,0,0,0,1996
Canada,0,0,0,0,0,0,0,0,0,0,0,1997
Canada,0,0,0,0,0,0,0,0,0,0,0,1998
Canada,0,0,0,0,0,0,0,0,0,0,0,1999
Canada,0,0,0,0,0,0,0,0,0,0,0,2000
Canada,0,0,0,0,0,0,0,0,0,0,0,2001
Canada,0,0,0,0,0,0,0,0,0,0,0,2002
Canada,0,0,0,0,0,0,0,0,0,0,0,2003
Canada,0,0,0,0,0,0,0,0,0,0,0,2004
Canada,0,0,0,0,0,0,0,0,0,0,0,2005
Canada,0,0,0,0,0,0,0,0,0,0,0,2006
Canada,0,0,0,0,0,0,0,0,0,0,0,2007
Canada,0,0,0,0,0,0,0,0,0,0,0,2008
Canada,0,0,0,0,0,0,0,0,0,0,0,2009
Canada,0,0,0,0,0,0,0,0,0,0,0,2010
Canada,0,0,0,0,0,0,0,0,0,0,0,2011
Canada,0,0,0,0,0,0,0,0,0,0,0,2012
Canada,0,0,0,0,0,0,0,0,0,0,0,2013
Canada,0,0,0,0,0,0,0,0,0,0,0,2014
Cameroon,3,3,8,11,3,3,0,2,2,3,19,1995
Cameroon,3,3,8,11,3,3,0,2,2,3,19,1996
Cameroon,3,3,8,10,3,3,0,1,2,3,18,1997
Cameroon,3,3,8,11,3,3,0,2,2,3,19,1998
Cameroon,3,3,8,11,3,3,0,2,2,3,19,1999
Cameroon,3,3,8,11,3,3,0,2,2,3,19,2000
Cameroon,3,3,9,11,3,3,0,2,3,3,20,2001
Cameroon,3,3,7,10,2,3,0,2,2,2,17,2002
Cameroon,3,3,8,10,2,3,0,2,3,2,18,2003
Cameroon,3,3,7,10,2,3,0,2,2,2,17,2004
Cameroon,3,3,7,10,2,3,0,2,2,2,17,2005
Cameroon,3,3,7,10,2,3,0,2,2,2,17,2006
Cameroon,3,3,7,10,2,3,0,2,2,2,17,2007
Cameroon,3,3,7,10,2,3,0,2,2,2,17,2008
Cameroon,3,3,6,10,1,3,0,2,2,2,16,2009
Cameroon,3,3,7,10,2,3,0,2,2,2,17,2010
Cameroon,3,3,7,9,2,3,0,1,2,2,16,2011
Cameroon,3,3,7,9,2,3,0,1,2,2,16,2012
Cameroon,3,2,7,8,2,3,0,1,2,2,15,2013
Cameroon,3,2,7,8,2,3,0,1,2,2,15,2014
Cape Verde,3,0,6,1,1,0,0,0,2,1,7,1995
Cape Verde,2,0,5,1,1,0,0,0,2,1,6,1996
Cape Verde,2,0,5,1,1,0,0,0,2,1,6,1997
Cape Verde,2,0,5,1,1,0,0,0,2,1,6,1998
Cape Verde,2,0,5,1,1,0,0,0,2,1,6,1999
Cape Verde,2,0,5,1,1,0,0,0,2,1,6,2000
Cape Verde,2,0,4,1,0,0,0,0,2,1,5,2001
Cape Verde,2,0,4,1,0,0,0,0,2,1,5,2002
Cape Verde,2,0,4,1,0,0,0,0,2,1,5,2003
Cape Verde,2,0,4,1,0,0,0,0,2,1,5,2004
Cape Verde,2,0,4,1,0,0,0,0,2,1,5,2005
Cape Verde,2,0,4,1,0,0,0,0,2,1,5,2006
Cape Verde,2,0,4,1,0,0,0,0,2,1,5,2007
Cape Verde,2,0,4,1,0,0,0,0,2,1,5,2008
Cape Verde,1,0,3,1,0,0,0,0,2,1,4,2009
Cape Verde,1,1,3,2,0,0,0,0,2,1,5,2010
Cape Verde,1,1,3,2,0,0,0,0,2,1,5,2011
Cape Verde,1,1,3,2,0,0,0,0,2,1,5,2012
Cape Verde,2,1,3,2,0,0,0,0,1,1,5,2013
Cape Verde,2,1,3,2,0,0,0,0,1,1,5,2014
Central African Republic,4,0,9,5,2,2,0,0,3,3,14,1995
Central African Republic,4,0,9,6,2,2,0,1,3,3,15,1996
Central African Republic,4,1,9,7,2,2,0,1,3,3,16,1997
Central African Republic,4,0,9,6,2,2,0,1,3,3,15,1998
Central African Republic,4,0,9,6,2,2,0,1,3,3,15,1999
Central African Republic,4,0,9,6,2,2,0,1,3,3,15,2000
Central African Republic,4,0,10,6,2,2,1,1,3,3,16,2001
Central African Republic,4,0,10,6,2,2,1,1,3,3,16,2002
Central African Republic,4,1,10,7,2,1,1,2,3,3,17,2003
Central African Republic,4,1,10,6,2,1,1,1,3,3,16,2004
Central African Republic,4,1,10,8,2,2,1,2,3,3,18,2005
Central African Republic,4,1,9,9,2,2,0,3,3,3,18,2006
Central African Republic,4,1,10,9,2,2,1,3,3,3,19,2007
Central African Republic,4,2,10,9,2,2,1,2,3,3,19,2008
Central African Republic,4,3,10,10,2,2,1,2,3,3,20,2009
Central African Republic,4,3,11,10,3,2,1,2,3,3,21,2010
Central African Republic,4,3,11,11,3,2,1,3,3,3,22,2011
Central African Republic,4,3,11,11,2,2,2,3,3,3,22,2012
Central African Republic,4,3,12,12,3,3,2,3,3,3,24,2013
Central African Republic,4,3,12,12,3,3,2,3,3,3,24,2014
Chad,4,3,12,10,3,2,2,2,3,3,22,1995
Chad,4,3,12,10,3,2,2,2,3,3,22,1996
Chad,4,3,12,10,3,2,2,2,3,3,22,1997
Chad,4,3,12,10,3,2,2,2,3,3,22,1998
Chad,4,3,12,10,3,2,2,2,3,3,22,1999
Chad,4,3,12,10,3,2,2,2,3,3,22,2000
Chad,4,3,12,10,3,2,2,2,3,3,22,2001
Chad,4,3,11,10,2,2,2,2,3,3,21,2002
Chad,4,3,12,10,3,2,2,2,3,3,22,2003
Chad,3,3,11,10,3,2,2,2,3,3,21,2004
Chad,3,3,11,10,3,2,2,2,3,3,21,2005
Chad,3,3,11,9,3,1,2,2,3,3,20,2006
Chad,3,3,11,9,3,1,2,2,3,3,20,2007
Chad,3,3,11,10,3,1,2,3,3,3,21,2008
Chad,3,3,11,10,3,1,2,3,3,3,21,2009
Chad,3,3,11,10,3,1,2,3,3,3,21,2010
Chad,3,3,11,10,3,1,2,3,3,3,21,2011
Chad,3,3,11,9,3,1,2,2,3,3,20,2012
Chad,3,3,10,9,3,1,1,2,3,3,19,2013
Chad,3,3,10,9,3,1,1,2,3,3,19,2014
Chile,1,2,2,3,1,0,0,1,0,0,5,1995
Chile,1,2,2,3,1,0,0,1,0,0,5,1996
Chile,1,2,2,3,1,0,0,1,0,0,5,1997
Chile,1,2,2,2,1,0,0,0,0,0,4,1998
Chile,1,2,1,2,0,0,0,0,0,0,3,1999
Chile,1,2,1,2,0,0,0,0,0,0,3,2000
Chile,1,2,1,2,0,0,0,0,0,0,3,2001
Chile,1,2,1,2,0,0,0,0,0,0,3,2002
Chile,1,2,1,2,0,0,0,0,0,0,3,2003
Chile,1,2,1,2,0,0,0,0,0,0,3,2004
Chile,0,2,0,2,0,0,0,0,0,0,2,2005
Chile,0,2,0,2,0,0,0,0,0,0,2,2006
Chile,0,2,0,2,0,0,0,0,0,0,2,2007
Chile,0,2,0,2,0,0,0,0,0,0,2,2008
Chile,0,2,0,2,0,0,0,0,0,0,2,2009
Chile,0,2,0,2,0,0,0,0,0,0,2,2010
Chile,0,2,0,2,0,0,0,0,0,0,2,2011
Chile,0,2,0,2,0,0,0,0,0,0,2,2012
Chile,0,2,0,2,0,0,0,0,0,0,2,2013
Chile,0,2,0,2,0,0,0,0,0,0,2,2014
China,3,0,7,5,0,2,2,2,2,1,12,1995
China,3,0,7,5,0,2,2,2,2,1,12,1996
China,3,0,7,5,0,2,2,2,2,1,12,1997
China,3,0,6,5,0,2,2,2,1,1,11,1998
China,3,0,6,5,0,2,2,2,1,1,11,1999
China,3,0,6,6,0,2,2,3,1,1,12,2000
China,2,0,5,5,0,2,2,2,1,1,10,2001
China,2,0,6,5,1,2,2,2,1,1,11,2002
China,2,0,5,5,0,2,2,2,1,1,10,2003
China,2,0,5,5,0,2,2,2,1,1,10,2004
China,2,0,5,5,0,2,2,2,1,1,10,2005
China,2,0,5,5,0,2,2,2,1,1,10,2006
China,2,0,5,5,0,2,2,2,1,1,10,2007
China,2,0,4,5,0,2,1,2,1,1,9,2008
China,2,0,4,4,0,2,1,2,1,0,8,2009
China,2,0,4,4,0,2,1,2,1,0,8,2010
China,1,0,3,4,0,2,1,2,1,0,7,2011
China,1,0,3,4,0,2,1,2,1,0,7,2012
China,1,0,2,4,0,2,1,2,0,0,6,2013
China,1,0,2,4,0,2,1,2,0,0,6,2014
Colombia,1,3,4,9,0,2,2,3,1,1,13,1995
Colombia,1,3,4,9,0,2,2,3,1,1,13,1996
Colombia,1,3,4,9,0,2,2,3,1,1,13,1997
Colombia,1,3,4,9,0,2,2,3,1,1,13,1998
Colombia,2,3,5,9,0,2,2,3,1,1,14,1999
Colombia,1,3,4,9,0,2,2,3,1,1,13,2000
Colombia,1,3,4,9,0,2,2,3,1,1,13,2001
Colombia,1,3,4,9,0,2,2,3,1,1,13,2002
Colombia,1,3,4,9,0,2,2,3,1,1,13,2003
Colombia,1,3,4,9,0,2,2,3,1,1,13,2004
Colombia,1,3,4,9,0,2,2,3,1,1,13,2005
Colombia,1,3,4,8,0,2,2,3,1,0,12,2006
Colombia,1,3,4,8,0,2,2,3,1,0,12,2007
Colombia,1,3,4,8,0,2,2,3,1,0,12,2008
Colombia,1,3,3,8,0,2,2,3,0,0,11,2009
Colombia,1,3,3,8,0,2,2,3,0,0,11,2010
Colombia,1,3,3,8,0,2,2,3,0,0,11,2011
Colombia,1,3,3,7,0,2,2,2,0,0,10,2012
Colombia,1,2,3,6,0,2,2,2,0,0,9,2013
Colombia,1,2,3,6,0,2,2,2,0,0,9,2014
Comoros,3,2,8,8,3,3,0,0,2,3,16,1995
Comoros,3,1,8,6,3,2,0,0,2,3,14,1996
Comoros,3,1,8,8,3,3,0,1,2,3,16,1997
Comoros,3,1,8,7,3,3,0,0,2,3,15,1998
Comoros,3,3,8,10,3,3,0,1,2,3,18,1999
Comoros,3,3,8,9,3,3,0,0,2,3,17,2000
Comoros,3,3,8,8,3,2,0,0,2,3,16,2001
Comoros,3,3,8,8,3,2,0,0,2,3,16,2002
Comoros,3,3,8,8,3,2,0,0,2,3,16,2003
Comoros,3,3,8,7,3,1,0,0,2,3,15,2004
Comoros,3,3,8,6,3,1,0,0,2,2,14,2005
Comoros,3,3,8,6,3,1,0,0,2,2,14,2006
Comoros,3,3,7,7,2,1,0,1,2,2,14,2007
Comoros,3,3,7,6,2,0,0,1,2,2,13,2008
Comoros,3,3,7,5,2,0,0,0,2,2,12,2009
Comoros,3,3,7,5,2,0,0,0,2,2,12,2010
Comoros,3,3,7,5,2,0,0,0,2,2,12,2011
Comoros,3,3,7,5,2,0,0,0,2,2,12,2012
Comoros,3,3,7,5,2,0,0,0,2,2,12,2013
Comoros,3,3,7,5,2,0,0,0,2,2,12,2014
Congo-Brazzaville,2,3,5,10,1,2,0,2,2,3,15,1995
Congo-Brazzaville,2,2,5,8,1,2,0,1,2,3,13,1996
Congo-Brazzaville,2,2,6,10,1,2,1,3,2,3,16,1997
Congo-Brazzaville,2,2,7,9,2,2,1,2,2,3,16,1998
Congo-Brazzaville,2,2,8,10,2,2,1,3,3,3,18,1999
Congo-Brazzaville,2,3,8,10,2,2,1,2,3,3,18,2000
Congo-Brazzaville,2,3,8,10,2,2,1,2,3,3,18,2001
Congo-Brazzaville,2,3,8,10,2,2,1,2,3,3,18,2002
Congo-Brazzaville,2,3,7,10,2,2,1,2,2,3,17,2003
Congo-Brazzaville,2,3,8,9,2,2,2,1,2,3,17,2004
Congo-Brazzaville,2,3,8,9,3,2,1,1,2,3,17,2005
Congo-Brazzaville,2,3,8,10,3,2,1,2,2,3,18,2006
Congo-Brazzaville,2,3,7,9,2,2,1,1,2,3,16,2007
Congo-Brazzaville,2,2,7,8,2,2,1,1,2,3,15,2008
Congo-Brazzaville,2,2,7,8,2,2,1,1,2,3,15,2009
Congo-Brazzaville,2,2,7,8,2,2,1,1,2,3,15,2010
Congo-Brazzaville,2,2,6,8,2,2,0,1,2,3,14,2011
Congo-Brazzaville,2,2,6,7,2,2,0,1,2,2,13,2012
Congo-Brazzaville,2,2,6,7,2,2,0,1,2,2,13,2013
Congo-Brazzaville,2,2,6,7,2,2,0,1,2,2,13,2014
Costa Rica,1,2,1,2,0,0,0,0,0,0,3,1995
Costa Rica,1,2,1,2,0,0,0,0,0,0,3,1996
Costa Rica,1,0,1,0,0,0,0,0,0,0,1,1997
Costa Rica,1,0,1,0,0,0,0,0,0,0,1,1998
Costa Rica,1,0,1,0,0,0,0,0,0,0,1,1999
Costa Rica,1,0,1,0,0,0,0,0,0,0,1,2000
Costa Rica,1,0,1,0,0,0,0,0,0,0,1,2001
Costa Rica,1,0,1,0,0,0,0,0,0,0,1,2002
Costa Rica,1,0,1,0,0,0,0,0,0,0,1,2003
Costa Rica,1,0,1,0,0,0,0,0,0,0,1,2004
Costa Rica,1,0,1,0,0,0,0,0,0,0,1,2005
Costa Rica,1,0,1,0,0,0,0,0,0,0,1,2006
Costa Rica,1,0,1,0,0,0,0,0,0,0,1,2007
Costa Rica,1,0,1,0,0,0,0,0,0,0,1,2008
Costa Rica,1,0,1,0,0,0,0,0,0,0,1,2009
Costa Rica,1,0,1,0,0,0,0,0,0,0,1,2010
Costa Rica,1,0,1,0,0,0,0,0,0,0,1,2011
Costa Rica,1,0,1,0,0,0,0,0,0,0,1,2012
Costa Rica,1,0,1,0,0,0,0,0,0,0,1,2013
Costa Rica,1,0,1,0,0,0,0,0,0,0,1,2014
Croatia,1,0,4,6,1,3,1,3,1,0,10,1995
Croatia,1,0,3,5,1,3,1,2,0,0,8,1996
Croatia,0,0,2,5,1,3,1,2,0,0,7,1997
Croatia,0,0,2,5,1,3,1,2,0,0,7,1998
Croatia,0,0,2,5,1,3,1,2,0,0,7,1999
Croatia,0,0,2,3,1,2,1,1,0,0,5,2000
Croatia,0,0,2,2,1,2,1,0,0,0,4,2001
Croatia,0,0,2,3,1,2,1,1,0,0,5,2002
Croatia,0,0,2,3,1,2,1,1,0,0,5,2003
Croatia,0,0,1,2,1,2,0,0,0,0,3,2004
Croatia,0,0,1,3,1,2,0,1,0,0,4,2005
Croatia,0,0,1,2,1,2,0,0,0,0,3,2006
Croatia,0,0,1,2,1,2,0,0,0,0,3,2007
Croatia,0,0,1,2,1,2,0,0,0,0,3,2008
Croatia,0,0,1,2,1,2,0,0,0,0,3,2009
Croatia,0,0,0,2,0,2,0,0,0,0,2,2010
Croatia,0,0,0,2,0,2,0,0,0,0,2,2011
Croatia,0,0,0,2,0,2,0,0,0,0,2,2012
Croatia,0,0,0,2,0,2,0,0,0,0,2,2013
Croatia,0,0,0,2,0,2,0,0,0,0,2,2014
Cuba,2,3,4,6,1,1,0,1,1,1,10,1995
Cuba,2,3,4,6,1,1,0,2,1,0,10,1996
Cuba,2,3,4,6,1,1,0,2,1,0,10,1997
Cuba,2,3,4,6,1,1,0,2,1,0,10,1998
Cuba,2,3,4,6,1,1,0,2,1,0,10,1999
Cuba,2,3,4,5,1,1,0,1,1,0,9,2000
Cuba,1,3,2,5,1,1,0,1,0,0,7,2001
Cuba,1,3,2,5,1,1,0,1,0,0,7,2002
Cuba,1,3,2,5,1,1,0,1,0,0,7,2003
Cuba,1,3,2,5,1,1,0,1,0,0,7,2004
Cuba,1,3,2,5,1,1,0,1,0,0,7,2005
Cuba,1,2,1,4,0,1,0,1,0,0,5,2006
Cuba,1,2,1,4,0,1,0,1,0,0,5,2007
Cuba,1,2,1,4,0,1,0,1,0,0,5,2008
Cuba,1,2,1,5,0,1,0,2,0,0,6,2009
Cuba,1,2,1,5,0,1,0,2,0,0,6,2010
Cuba,1,2,1,4,0,1,0,1,0,0,5,2011
Cuba,1,2,1,4,0,1,0,1,0,0,5,2012
Cuba,1,2,1,4,0,1,0,1,0,0,5,2013
Cuba,1,2,1,4,0,1,0,1,0,0,5,2014
Cyprus,0,0,0,3,0,3,0,0,0,0,3,1995
Cyprus,0,0,0,3,0,3,0,0,0,0,3,1996
Cyprus,0,0,0,3,0,3,0,0,0,0,3,1997
Cyprus,0,0,0,3,0,3,0,0,0,0,3,1998
Cyprus,0,0,0,3,0,3,0,0,0,0,3,1999
Cyprus,0,0,0,3,0,3,0,0,0,0,3,2000
Cyprus,0,0,0,3,0,3,0,0,0,0,3,2001
Cyprus,0,0,0,3,0,3,0,0,0,0,3,2002
Cyprus,0,0,0,3,0,3,0,0,0,0,3,2003
Cyprus,0,0,0,3,0,3,0,0,0,0,3,2004
Cyprus,0,0,0,3,0,3,0,0,0,0,3,2005
Cyprus,0,0,0,3,0,3,0,0,0,0,3,2006
Cyprus,0,0,0,3,0,3,0,0,0,0,3,2007
Cyprus,0,0,0,3,0,3,0,0,0,0,3,2008
Cyprus,0,0,0,3,0,3,0,0,0,0,3,2009
Cyprus,0,0,0,3,0,3,0,0,0,0,3,2010
Cyprus,0,0,0,3,0,3,0,0,0,0,3,2011
Cyprus,0,0,0,3,0,3,0,0,0,0,3,2012
Cyprus,0,0,0,3,0,3,0,0,0,0,3,2013
Cyprus,0,0,0,3,0,3,0,0,0,0,3,2014
Czech Republic,0,0,1,0,1,0,0,0,0,0,1,1995
Czech Republic,0,0,1,0,1,0,0,0,0,0,1,1996
Czech Republic,0,0,1,0,1,0,0,0,0,0,1,1997
Czech Republic,0,0,1,0,1,0,0,0,0,0,1,1998
Czech Republic,0,0,1,0,1,0,0,0,0,0,1,1999
Czech Republic,0,0,1,0,1,0,0,0,0,0,1,2000
Czech Republic,0,0,1,0,1,0,0,0,0,0,1,2001
Czech Republic,0,0,2,0,2,0,0,0,0,0,2,2002
Czech Republic,0,0,0,0,0,0,0,0,0,0,0,2003
Czech Republic,0,0,0,0,0,0,0,0,0,0,0,2004
Czech Republic,0,0,0,0,0,0,0,0,0,0,0,2005
Czech Republic,0,0,0,1,0,1,0,0,0,0,1,2006
Czech Republic,0,0,0,1,0,1,0,0,0,0,1,2007
Czech Republic,0,0,0,1,0,1,0,0,0,0,1,2008
Czech Republic,0,0,0,1,0,1,0,0,0,0,1,2009
Czech Republic,0,0,0,1,0,1,0,0,0,0,1,2010
Czech Republic,0,0,0,1,0,1,0,0,0,0,1,2011
Czech Republic,0,0,0,1,0,1,0,0,0,0,1,2012
Czech Republic,0,0,0,1,0,1,0,0,0,0,1,2013
Czech Republic,0,0,0,0,0,0,0,0,0,0,0,2014
Denmark,0,0,0,0,0,0,0,0,0,0,0,1995
Denmark,0,0,0,0,0,0,0,0,0,0,0,1996
Denmark,0,0,0,0,0,0,0,0,0,0,0,1997
Denmark,0,0,0,0,0,0,0,0,0,0,0,1998
Denmark,0,0,0,0,0,0,0,0,0,0,0,1999
Denmark,0,0,0,0,0,0,0,0,0,0,0,2000
Denmark,0,0,0,0,0,0,0,0,0,0,0,2001
Denmark,0,0,0,0,0,0,0,0,0,0,0,2002
Denmark,0,0,0,0,0,0,0,0,0,0,0,2003
Denmark,0,0,0,0,0,0,0,0,0,0,0,2004
Denmark,0,0,0,0,0,0,0,0,0,0,0,2005
Denmark,0,0,0,0,0,0,0,0,0,0,0,2006
Denmark,0,0,0,0,0,0,0,0,0,0,0,2007
Denmark,0,0,0,0,0,0,0,0,0,0,0,2008
Denmark,0,0,0,0,0,0,0,0,0,0,0,2009
Denmark,0,0,0,0,0,0,0,0,0,0,0,2010
Denmark,0,0,0,0,0,0,0,0,0,0,0,2011
Denmark,0,0,0,0,0,0,0,0,0,0,0,2012
Denmark,0,0,0,0,0,0,0,0,0,0,0,2013
Denmark,0,0,0,0,0,0,0,0,0,0,0,2014
Djibouti,3,2,9,9,2,2,1,2,3,3,18,1995
Djibouti,3,2,9,7,2,1,1,1,3,3,16,1996
Djibouti,3,2,9,6,2,0,1,1,3,3,15,1997
Djibouti,3,2,8,6,2,0,0,1,3,3,14,1998
Djibouti,3,2,8,7,2,1,0,1,3,3,15,1999
Djibouti,3,3,8,8,2,1,0,1,3,3,16,2000
Djibouti,3,2,8,7,2,1,0,1,3,3,15,2001
Djibouti,3,2,8,7,2,1,0,1,3,3,15,2002
Djibouti,3,2,8,7,2,1,0,1,3,3,15,2003
Djibouti,3,2,8,7,2,1,0,1,3,3,15,2004
Djibouti,3,2,7,7,2,1,0,1,2,3,14,2005
Djibouti,3,3,7,8,2,1,0,1,2,3,15,2006
Djibouti,3,3,7,8,2,1,0,1,2,3,15,2007
Djibouti,3,3,7,8,2,1,0,1,2,3,15,2008
Djibouti,3,2,6,7,1,1,0,1,2,3,13,2009
Djibouti,3,2,6,7,1,1,0,1,2,3,13,2010
Djibouti,3,2,6,7,1,1,0,1,2,3,13,2011
Djibouti,3,2,7,7,2,1,0,1,2,3,14,2012
Djibouti,3,2,7,6,2,0,0,1,2,3,13,2013
Djibouti,3,2,7,6,2,0,0,1,2,3,13,2014
Dominican Republic,2,0,5,3,1,2,0,0,2,1,8,1995
Dominican Republic,2,0,5,3,2,1,0,1,1,1,8,1996
Dominican Republic,2,0,4,3,1,1,0,1,1,1,7,1997
Dominican Republic,1,0,3,3,1,1,0,1,1,1,6,1998
Dominican Republic,1,0,3,3,1,1,0,1,1,1,6,1999
Dominican Republic,1,0,3,3,1,1,0,1,1,1,6,2000
Dominican Republic,1,0,3,3,1,1,0,1,1,1,6,2001
Dominican Republic,1,0,3,3,1,1,0,1,1,1,6,2002
Dominican Republic,1,0,3,3,1,1,0,1,1,1,6,2003
Dominican Republic,1,0,3,3,1,1,0,1,1,1,6,2004
Dominican Republic,1,0,3,3,1,1,0,1,1,1,6,2005
Dominican Republic,1,0,2,3,0,1,0,1,1,1,5,2006
Dominican Republic,1,0,2,3,0,1,0,1,1,1,5,2007
Dominican Republic,1,0,2,4,0,1,0,2,1,1,6,2008
Dominican Republic,1,0,2,4,0,1,0,2,1,1,6,2009
Dominican Republic,1,0,2,4,0,1,0,2,1,1,6,2010
Dominican Republic,1,0,2,3,0,1,0,2,1,0,5,2011
Dominican Republic,1,0,1,4,0,1,0,2,0,1,5,2012
Dominican Republic,1,0,1,4,0,1,0,2,0,1,5,2013
Dominican Republic,1,0,1,3,0,1,0,2,0,0,4,2014
Ecuador,2,3,4,7,0,2,1,1,1,1,11,1995
Ecuador,2,3,3,7,0,2,0,1,1,1,10,1996
Ecuador,2,3,3,7,0,2,0,1,1,1,10,1997
Ecuador,2,3,3,7,0,2,0,1,1,1,10,1998
Ecuador,2,3,3,7,0,2,0,1,1,1,10,1999
Ecuador,2,3,5,8,2,3,0,1,1,1,13,2000
Ecuador,2,3,5,8,2,3,0,1,1,1,13,2001
Ecuador,2,2,5,7,2,3,0,1,1,1,12,2002
Ecuador,2,2,5,7,2,3,0,1,1,1,12,2003
Ecuador,2,3,5,8,2,3,0,1,1,1,13,2004
Ecuador,1,3,4,8,2,3,0,1,1,1,12,2005
Ecuador,1,3,4,7,2,3,0,1,1,0,11,2006
Ecuador,1,3,3,7,2,3,0,1,0,0,10,2007
Ecuador,1,3,3,7,2,3,0,1,0,0,10,2008
Ecuador,1,3,3,8,2,3,0,1,0,1,11,2009
Ecuador,1,3,2,8,1,3,0,1,0,1,10,2010
Ecuador,1,3,3,7,2,3,0,1,0,0,10,2011
Ecuador,1,3,3,7,2,3,0,1,0,0,10,2012
Ecuador,1,3,3,5,2,1,0,1,0,0,8,2013
Ecuador,1,3,3,5,2,1,0,1,0,0,8,2014
Egypt,3,1,8,8,2,3,1,2,2,2,16,1995
Egypt,3,1,7,8,1,3,1,2,2,2,15,1996
Egypt,3,1,7,8,1,3,1,2,2,2,15,1997
Egypt,3,0,7,7,1,3,1,2,2,2,14,1998
Egypt,3,1,7,8,1,3,1,2,2,2,15,1999
Egypt,3,2,7,8,1,3,1,2,2,1,15,2000
Egypt,3,1,7,7,1,3,1,1,2,2,14,2001
Egypt,3,0,7,6,1,3,1,2,2,1,13,2002
Egypt,3,1,7,7,1,3,1,2,2,1,14,2003
Egypt,2,1,5,7,1,3,1,2,1,1,12,2004
Egypt,2,1,6,7,2,3,1,2,1,1,13,2005
Egypt,2,2,5,8,2,3,0,2,1,1,13,2006
Egypt,2,2,5,8,2,3,0,2,1,1,13,2007
Egypt,2,2,5,8,2,3,0,2,1,1,13,2008
Egypt,2,2,5,8,2,3,0,2,1,1,13,2009
Egypt,2,1,5,7,2,3,0,2,1,1,12,2010
Egypt,2,1,6,6,2,2,1,2,1,1,12,2011
Egypt,2,0,5,5,2,2,0,2,1,1,10,2012
Egypt,2,0,6,6,2,3,1,2,1,1,12,2013
Egypt,2,0,6,6,2,3,1,2,1,1,12,2014
Equatorial Guinea,2,3,7,9,3,1,0,2,2,3,16,1995
Equatorial Guinea,2,3,7,9,3,1,0,2,2,3,16,1996
Equatorial Guinea,2,3,7,9,3,1,0,2,2,3,16,1997
Equatorial Guinea,1,3,5,9,2,1,0,2,2,3,14,1998
Equatorial Guinea,1,3,5,9,2,1,0,2,2,3,14,1999
Equatorial Guinea,1,3,5,8,2,1,0,1,2,3,13,2000
Equatorial Guinea,1,3,5,8,2,1,0,1,2,3,13,2001
Equatorial Guinea,0,3,3,8,2,1,0,1,1,3,11,2002
Equatorial Guinea,0,3,3,8,1,1,0,1,2,3,11,2003
Equatorial Guinea,0,3,4,8,2,1,0,1,2,3,12,2004
Equatorial Guinea,0,3,4,8,2,1,0,1,2,3,12,2005
Equatorial Guinea,0,3,4,8,2,1,0,1,2,3,12,2006
Equatorial Guinea,0,3,4,8,2,1,0,1,2,3,12,2007
Equatorial Guinea,0,3,4,8,2,1,0,1,2,3,12,2008
Equatorial Guinea,0,3,4,8,2,1,0,1,2,3,12,2009
Equatorial Guinea,0,3,4,8,2,1,0,1,2,3,12,2010
Equatorial Guinea,0,3,4,9,2,1,0,2,2,3,13,2011
Equatorial Guinea,0,3,4,8,2,1,0,1,2,3,12,2012
Equatorial Guinea,0,3,4,8,2,1,0,1,2,3,12,2013
Equatorial Guinea,0,3,4,8,2,1,0,1,2,3,12,2014
Eritrea,4,3,10,5,1,0,2,0,3,2,15,1995
Eritrea,4,3,10,5,1,0,2,0,3,2,15,1996
Eritrea,4,3,10,6,1,0,2,1,3,2,16,1997
Eritrea,4,3,10,8,1,0,2,3,3,2,18,1998
Eritrea,4,3,10,6,1,0,2,1,3,2,16,1999
Eritrea,4,3,10,7,1,0,2,2,3,2,17,2000
Eritrea,4,3,10,6,1,0,2,1,3,2,16,2001
Eritrea,4,3,10,6,1,0,2,1,3,2,16,2002
Eritrea,4,3,9,6,0,0,2,1,3,2,15,2003
Eritrea,4,3,9,7,0,0,2,2,3,2,16,2004
Eritrea,4,3,9,6,0,0,2,1,3,2,15,2005
Eritrea,4,2,10,5,1,0,2,2,3,1,15,2006
Eritrea,4,2,10,5,1,0,2,2,3,1,15,2007
Eritrea,4,2,9,5,1,0,1,2,3,1,14,2008
Eritrea,4,2,9,5,1,0,1,2,3,1,14,2009
Eritrea,4,2,8,4,1,0,0,2,3,0,12,2010
Eritrea,4,2,8,5,1,0,0,2,3,1,13,2011
Eritrea,4,2,8,6,1,0,0,3,3,1,14,2012
Eritrea,4,2,9,6,2,0,0,3,3,1,15,2013
Eritrea,4,2,9,6,2,0,0,3,3,1,15,2014
Estonia,1,0,3,3,1,3,0,0,1,0,6,1995
Estonia,1,0,2,2,1,2,0,0,0,0,4,1996
Estonia,1,0,2,2,1,2,0,0,0,0,4,1997
Estonia,1,0,2,2,1,2,0,0,0,0,4,1998
Estonia,1,0,2,2,1,2,0,0,0,0,4,1999
Estonia,1,0,2,1,1,1,0,0,0,0,3,2000
Estonia,0,0,1,0,1,0,0,0,0,0,1,2001
Estonia,0,0,1,0,1,0,0,0,0,0,1,2002
Estonia,0,0,1,0,1,0,0,0,0,0,1,2003
Estonia,0,0,1,0,1,0,0,0,0,0,1,2004
Estonia,0,0,1,0,1,0,0,0,0,0,1,2005
Estonia,0,0,1,0,1,0,0,0,0,0,1,2006
Estonia,0,0,1,0,1,0,0,0,0,0,1,2007
Estonia,0,0,1,0,1,0,0,0,0,0,1,2008
Estonia,0,0,1,0,1,0,0,0,0,0,1,2009
Estonia,0,0,0,0,0,0,0,0,0,0,0,2010
Estonia,0,0,0,0,0,0,0,0,0,0,0,2011
Estonia,0,0,0,0,0,0,0,0,0,0,0,2012
Estonia,0,0,0,0,0,0,0,0,0,0,0,2013
Estonia,0,0,0,0,0,0,0,0,0,0,0,2014
Ethiopia,4,2,11,9,2,2,2,2,3,3,20,1995
Ethiopia,4,2,9,9,2,2,0,2,3,3,18,1996
Ethiopia,4,3,9,10,2,2,0,2,3,3,19,1997
Ethiopia,4,3,9,10,2,2,0,3,3,2,19,1998
Ethiopia,4,3,11,10,2,2,2,3,3,2,21,1999
Ethiopia,4,3,11,10,2,2,2,2,3,3,21,2000
Ethiopia,4,2,11,9,2,2,2,2,3,3,20,2001
Ethiopia,4,2,11,9,2,2,2,2,3,3,20,2002
Ethiopia,4,3,11,10,2,2,2,2,3,3,21,2003
Ethiopia,4,3,11,10,2,2,2,2,3,3,21,2004
Ethiopia,4,3,10,10,1,2,2,2,3,3,20,2005
Ethiopia,4,3,10,10,1,2,2,2,3,3,20,2006
Ethiopia,4,3,10,10,1,2,2,2,3,3,20,2007
Ethiopia,4,3,10,9,1,2,2,2,3,2,19,2008
Ethiopia,4,3,11,9,2,2,2,2,3,2,20,2009
Ethiopia,4,3,11,9,2,2,2,2,3,2,20,2010
Ethiopia,4,3,11,9,2,2,2,2,3,2,20,2011
Ethiopia,4,3,11,9,2,2,2,2,3,2,20,2012
Ethiopia,4,3,10,9,2,2,2,2,2,2,19,2013
Ethiopia,4,3,10,10,2,3,2,2,2,2,20,2014
Timor Leste,3,3,9,5,1,0,2,0,3,2,14,2002
Timor Leste,4,3,9,5,1,0,2,0,2,2,14,2003
Timor Leste,4,3,9,6,1,0,2,1,2,2,15,2004
Timor Leste,4,3,9,6,1,0,2,1,2,2,15,2005
Timor Leste,4,3,10,7,2,1,2,2,2,1,17,2006
Timor Leste,4,3,9,6,2,1,1,1,2,1,15,2007
Timor Leste,3,3,7,6,2,1,0,1,2,1,13,2008
Timor Leste,3,3,7,6,2,1,0,1,2,1,13,2009
Timor Leste,3,3,7,5,2,1,0,1,2,0,12,2010
Timor Leste,3,3,7,6,2,1,0,1,2,1,13,2011
Timor Leste,3,3,6,5,1,1,0,0,2,1,11,2012
Timor Leste,3,1,5,3,1,1,0,0,1,1,8,2013
Timor Leste,3,1,5,3,1,1,0,0,1,1,8,2014
Finland,0,0,0,0,0,0,0,0,0,0,0,1995
Finland,0,0,0,0,0,0,0,0,0,0,0,1996
Finland,0,0,0,0,0,0,0,0,0,0,0,1997
Finland,0,0,0,0,0,0,0,0,0,0,0,1998
Finland,0,0,0,0,0,0,0,0,0,0,0,1999
Finland,0,0,0,0,0,0,0,0,0,0,0,2000
Finland,0,0,0,0,0,0,0,0,0,0,0,2001
Finland,0,0,0,0,0,0,0,0,0,0,0,2002
Finland,0,0,0,0,0,0,0,0,0,0,0,2003
Finland,0,0,0,0,0,0,0,0,0,0,0,2004
Finland,0,0,0,0,0,0,0,0,0,0,0,2005
Finland,0,0,0,0,0,0,0,0,0,0,0,2006
Finland,0,0,0,0,0,0,0,0,0,0,0,2007
Finland,0,0,0,0,0,0,0,0,0,0,0,2008
Finland,0,0,0,0,0,0,0,0,0,0,0,2009
Finland,0,0,0,0,0,0,0,0,0,0,0,2010
Finland,0,0,0,0,0,0,0,0,0,0,0,2011
Finland,0,0,0,0,0,0,0,0,0,0,0,2012
Finland,0,0,0,0,0,0,0,0,0,0,0,2013
Finland,0,0,0,0,0,0,0,0,0,0,0,2014
Fiji,1,1,3,4,1,3,0,0,1,0,7,1995
Fiji,1,1,3,4,1,3,0,0,1,0,7,1996
Fiji,1,1,3,4,1,3,0,0,1,0,7,1997
Fiji,1,1,3,4,1,3,0,0,1,0,7,1998
Fiji,1,1,3,3,1,2,0,0,1,0,6,1999
Fiji,1,0,4,4,2,2,0,2,1,0,8,2000
Fiji,1,0,4,5,2,3,0,2,1,0,9,2001
Fiji,1,0,4,4,2,3,0,1,1,0,8,2002
Fiji,1,0,4,4,2,3,0,1,1,0,8,2003
Fiji,1,0,4,2,2,2,0,0,1,0,6,2004
Fiji,1,1,4,3,2,2,0,0,1,0,7,2005
Fiji,1,1,4,2,2,1,0,0,1,0,6,2006
Fiji,1,1,4,2,2,0,0,1,1,0,6,2007
Fiji,1,1,4,2,2,0,0,1,1,0,6,2008
Fiji,1,1,4,1,2,0,0,0,1,0,5,2009
Fiji,1,1,4,2,2,1,0,0,1,0,6,2010
Fiji,1,1,5,2,3,1,0,0,1,0,7,2011
Fiji,1,1,4,2,3,1,0,0,0,0,6,2012
Fiji,1,1,4,2,3,1,0,0,0,0,6,2013
Fiji,1,1,4,2,3,1,0,0,0,0,6,2014
France,0,0,0,1,0,1,0,0,0,0,1,1995
France,0,0,0,1,0,1,0,0,0,0,1,1996
France,0,0,0,1,0,1,0,0,0,0,1,1997
France,0,0,0,1,0,1,0,0,0,0,1,1998
France,0,0,0,1,0,1,0,0,0,0,1,1999
France,0,0,0,1,0,1,0,0,0,0,1,2000
France,0,0,0,1,0,1,0,0,0,0,1,2001
